{
    "E11": 12851.949873879414,
    "E22": 11775.476795875587,
    "E33": 12912.335917053237,
    "Emax": {
        "value": 13112.877923971886,
        "direction": [
            0.7071067811865109,
            -0.0886239793611493,
            -0.7015310330143966
        ]
    },
    "Emin": {
        "value": 11760.489289298223,
        "direction": [
            0.12533323356420975,
            0.9921147013144899,
            4.1038449027117024e-13
        ]
    }
}