{
    "G11": 4988.516866524373,
    "G22": 4883.047031345506,
    "G33": 5021.1487639307325,
    "Gmax": {
        "value": 5023.114944355419,
        "direction": [
            0.09410831331841744,
            -0.03127135701718904,
            -0.9950707148713934
        ]
    },
    "Gmin": {
        "value": 4877.716742294486,
        "direction": [
            0.09410831331841746,
            -0.9642845547747376,
            0.24758619264257972
        ]
    }
}