{
    "vol": 2823.792581332952,
    "vol_material": 948.1409216764303,
    "vol_overall": 3626.3721318928606,
    "vol_material_over_vol": 0.33576861414830506
}