{
  "fem_dofs": 4549062,
  "homogenization_cuboid_volume": 2874.9349941492637,
  "homogenization_real_material_volume": 906.259472907089,
  "homogenization_x_max": 13.91787052154541,
  "homogenization_x_min": -3.2056074142456055,
  "homogenization_y_max": 14.50298023223877,
  "homogenization_y_min": -3.7907567024230957,
  "homogenization_z_max": 9.576739311218262,
  "homogenization_z_min": 0.39904430508613586,
  "summary_write_line": "Wrote 1 rows to /work/scratch/as12vapa/pygalmesh/data/scripts/009-Binning-Variation-CT-Stiffness/00_results/binning_summary.csv",
  "total_domain_cuboid_volume": 3692.0651438981176,
  "total_domain_x_max": 14.662388801574707,
  "total_domain_x_min": -3.950141191482544,
  "total_domain_y_max": 15.298428535461426,
  "total_domain_y_min": -4.586180686950684,
  "total_domain_z_max": 9.975780487060547,
  "total_domain_z_min": 0.0
}
