{
    "E11": 11914.49757428027,
    "E22": 12158.92576992763,
    "E33": 12128.498378916136,
    "Emax": {
        "value": 12277.61532712593,
        "direction": [
            0.6129070536529291,
            -0.22044622084492352,
            -0.7587808690904619
        ]
    },
    "Emin": {
        "value": 11872.533847586066,
        "direction": [
            0.9602936856769378,
            -0.11878863548238013,
            0.25243870014171094
        ]
    }
}