{
    "G11": 4759.591409164911,
    "G22": 4740.347503672008,
    "G33": 4760.111294483805,
    "Gmax": {
        "value": 4787.799645544496,
        "direction": [
            0.12533323356420975,
            -0.6080740984682571,
            -0.7839244040954176
        ]
    },
    "Gmin": {
        "value": 4725.447702637045,
        "direction": [
            0.707106781186511,
            0.5448351389608049,
            0.4507268256423311
        ]
    }
}