{
    "vol": 2164.3245927967873,
    "vol_material": 701.2710611783904,
    "vol_overall": 3651.62121856716,
    "vol_material_over_vol": 0.324013811750941
}