{
    "E11": 15265.378171598206,
    "E22": 13860.4479963813,
    "E33": 15328.314832542163,
    "Emax": {
        "value": 15494.295001659762,
        "direction": [
            -0.7071067811866574,
            0.04439960215332684,
            0.7057114674769505
        ]
    },
    "Emin": {
        "value": 13840.065605972748,
        "direction": [
            -0.09410831331862358,
            -0.9935974504804111,
            -0.0625118529812602
        ]
    }
}