{
    "G11": 5911.7653231072945,
    "G22": 5788.748661454844,
    "G33": 5954.755769882323,
    "Gmax": {
        "value": 5959.017169192809,
        "direction": [
            0.12533323356420975,
            0.09336624115952072,
            -0.9877116611522219
        ]
    },
    "Gmin": {
        "value": 5771.766434755894,
        "direction": [
            -0.09410831331862358,
            0.9468356938114754,
            -0.30764556601528603
        ]
    }
}