{
    "vol": 2869.7067484086506,
    "vol_material": 1070.1426147290863,
    "vol_overall": 3685.4262244701413,
    "vol_material_over_vol": 0.3729100944974662
}