{
    "E11": 3691.206013295271,
    "E22": 2968.079799015985,
    "E33": 861.2521059324171,
    "Emax": {
        "value": 3836.317189189647,
        "direction": [
            0.39714789063471034,
            0.8728365171169102,
            -0.2836017760022349
        ]
    },
    "Emin": {
        "value": 708.1868008182873,
        "direction": [
            -0.12533323356441517,
            -0.4224218946767136,
            -0.8976922208986904
        ]
    }
}