{
    "G11": 806.4597847175419,
    "G22": 708.9658787097919,
    "G33": 588.9252241707701,
    "Gmax": {
        "value": 871.1166395353054,
        "direction": [
            -0.30901699437506563,
            -0.8030035754387144,
            0.5096015649701652
        ]
    },
    "Gmin": {
        "value": 587.0058873618462,
        "direction": [
            0.031410759078026984,
            0.0627595361986355,
            -0.9975342624843893
        ]
    }
}