{
    "vol": 1865.5059823809643,
    "vol_material": 218.62324783732308,
    "vol_overall": 2395.9281847511784,
    "vol_material_over_vol": 0.11719246676351688
}