{
  "fem_dofs": 17178957,
  "homogenization_cuboid_volume": 2164.3245927967873,
  "homogenization_real_material_volume": 701.2710611783904,
  "homogenization_x_max": 12.822251319885254,
  "homogenization_x_min": -2.1096811294555664,
  "homogenization_y_max": 13.947071075439453,
  "homogenization_y_min": -3.2345173358917236,
  "homogenization_z_max": 9.239569664001465,
  "homogenization_z_min": 0.8034434914588928,
  "summary_write_line": "Wrote 1 rows to /work/scratch/as12vapa/pygalmesh/data/scripts/009-Binning-Variation-CT-Stiffness/00_results/binning_summary.csv",
  "total_domain_cuboid_volume": 3651.62121856716,
  "total_domain_x_max": 14.244343757629395,
  "total_domain_x_min": -3.531794309616089,
  "total_domain_y_max": 15.583414077758789,
  "total_domain_y_min": -4.87086296081543,
  "total_domain_z_max": 10.04301643371582,
  "total_domain_z_min": 0.0
}
