{
  "fem_dofs": 1173024,
  "homogenization_cuboid_volume": 2869.7067484086506,
  "homogenization_real_material_volume": 1070.1426147290863,
  "homogenization_x_max": 13.486957550048828,
  "homogenization_x_min": -2.774507761001587,
  "homogenization_y_max": 14.78060531616211,
  "homogenization_y_min": -4.067931652069092,
  "homogenization_z_max": 9.769757270812988,
  "homogenization_z_min": 0.4070769250392914,
  "summary_write_line": "Wrote 1 rows to /work/scratch/as12vapa/pygalmesh/data/scripts/009-Binning-Variation-CT-Stiffness/00_results/binning_summary.csv",
  "total_domain_cuboid_volume": 3685.4262244701413,
  "total_domain_x_max": 14.194129943847656,
  "total_domain_x_min": -3.481579065322876,
  "total_domain_y_max": 15.600154876708984,
  "total_domain_y_min": -4.887601375579834,
  "total_domain_z_max": 10.176922798156738,
  "total_domain_z_min": 0.0
}
