{
  "fem_dofs": 3440343,
  "homogenization_cuboid_volume": 3178.529124846621,
  "homogenization_real_material_volume": 1207.2458217376247,
  "homogenization_x_max": 13.979752540588379,
  "homogenization_x_min": -3.267296075820923,
  "homogenization_y_max": 15.731184005737305,
  "homogenization_y_min": -4.349216461181641,
  "homogenization_z_max": 9.57687759399414,
  "homogenization_z_min": 0.39906811714172363,
  "summary_write_line": "Wrote 1 rows to /work/scratch/as12vapa/pygalmesh/data/scripts/009-Binning-Variation-CT-Stiffness/00_results/binning_summary.csv",
  "total_domain_cuboid_volume": 4081.9690627787368,
  "total_domain_x_max": 14.729634284973145,
  "total_domain_x_min": -4.017172813415527,
  "total_domain_y_max": 16.60431480407715,
  "total_domain_y_min": -5.222324848175049,
  "total_domain_z_max": 9.97597885131836,
  "total_domain_z_min": 0.0
}
