{
    "E11": 14384.671159329095,
    "E22": 14209.7308013741,
    "E33": 14373.742184399736,
    "Emax": {
        "value": 14501.705953192815,
        "direction": [
            0.8763066800438476,
            0.3613687637789799,
            -0.31858942084661485
        ]
    },
    "Emin": {
        "value": 14178.320836423309,
        "direction": [
            0.3387379202452155,
            -0.9390241556805015,
            0.05907839229758703
        ]
    }
}