{
    "G11": 5654.760896273663,
    "G22": 5665.442835611929,
    "G33": 5666.618666710662,
    "Gmax": {
        "value": 5678.76621561187,
        "direction": [
            0.42577929156500527,
            -0.028421304552105366,
            -0.9043805749362149
        ]
    },
    "Gmin": {
        "value": 5622.441476411965,
        "direction": [
            0.4817536741016536,
            -0.7542739880581572,
            0.4460763930409238
        ]
    }
}