{
    "vol": 2922.8508626403222,
    "vol_material": 1041.500084673156,
    "vol_overall": 3753.7204639547767,
    "vol_material_over_vol": 0.3563302178655566
}