{
    "E11": 18059.199962542505,
    "E22": 15794.09142415838,
    "E33": 17936.053992076435,
    "Emax": {
        "value": 18224.855629060166,
        "direction": [
            0.8443279255019951,
            0.016830726364859133,
            -0.535562396801277
        ]
    },
    "Emin": {
        "value": 15735.828175294753,
        "direction": [
            -0.09410831331862358,
            -0.9877116611522024,
            -0.12477700023754647
        ]
    }
}