{
    "G11": 6854.249334309121,
    "G22": 6658.286958814827,
    "G33": 6901.5440174033065,
    "Gmax": {
        "value": 6908.641955240319,
        "direction": [
            -0.1564344650403433,
            -0.062017464039118966,
            0.9857393632708892
        ]
    },
    "Gmin": {
        "value": 6657.164930520222,
        "direction": [
            0.03141075907802698,
            -0.9975342624844217,
            0.06275953619811926
        ]
    }
}