{
    "vol": 3262.4252883202316,
    "vol_material": 1336.1889789546228,
    "vol_overall": 4189.703442524219,
    "vol_material_over_vol": 0.4095692194816833
}