{
  "fem_dofs": 3853680,
  "homogenization_cuboid_volume": 2823.792581332952,
  "homogenization_real_material_volume": 948.1409216764303,
  "homogenization_x_max": 13.517895698547363,
  "homogenization_x_min": -2.80534029006958,
  "homogenization_y_max": 14.780637741088867,
  "homogenization_y_min": -4.068075656890869,
  "homogenization_z_max": 9.577003479003906,
  "homogenization_z_min": 0.39907175302505493,
  "summary_write_line": "Wrote 1 rows to /work/scratch/as12vapa/pygalmesh/data/scripts/009-Binning-Variation-CT-Stiffness/00_results/binning_summary.csv",
  "total_domain_cuboid_volume": 3626.3721318928606,
  "total_domain_x_max": 14.227606773376465,
  "total_domain_x_min": -3.5150558948516846,
  "total_domain_y_max": 15.600152969360352,
  "total_domain_y_min": -4.887601375579834,
  "total_domain_z_max": 9.97606372833252,
  "total_domain_z_min": 0.0
}
