{
    "E11": 10647.210665611276,
    "E22": 10546.127047659887,
    "E33": 10639.868726632909,
    "Emax": {
        "value": 10732.81534513853,
        "direction": [
            -0.2789911060393464,
            -0.635053608533332,
            -0.7203269237226494
        ]
    },
    "Emin": {
        "value": 10505.894494955524,
        "direction": [
            0.3971478906347103,
            -0.881313972045211,
            0.25604537809203515
        ]
    }
}