{
    "G11": 4165.160529120493,
    "G22": 4177.787615135529,
    "G33": 4178.514906133852,
    "Gmax": {
        "value": 4190.611260096645,
        "direction": [
            -0.4257792915651925,
            0.19738190612812617,
            0.8830358871571814
        ]
    },
    "Gmin": {
        "value": 4154.27104039811,
        "direction": [
            0.3681245526846048,
            -0.6974356343470058,
            0.6148722222167375
        ]
    }
}