{
    "vol": 2894.2586854480637,
    "vol_material": 864.1537655243701,
    "vol_overall": 3716.844561287921,
    "vol_material_over_vol": 0.29857516533308404
}