{
  "fem_dofs": 19949166,
  "homogenization_cuboid_volume": 2894.2586854480637,
  "homogenization_real_material_volume": 864.1537655243701,
  "homogenization_x_max": 13.917887687683105,
  "homogenization_x_min": -3.205631971359253,
  "homogenization_y_max": 14.50304126739502,
  "homogenization_y_min": -3.7907931804656982,
  "homogenization_z_max": 9.641021728515625,
  "homogenization_z_min": 0.40171119570732117,
  "summary_write_line": "Wrote 1 rows to /work/scratch/as12vapa/pygalmesh/data/scripts/009-Binning-Variation-CT-Stiffness/00_results/binning_summary.csv",
  "total_domain_cuboid_volume": 3716.844561287921,
  "total_domain_x_max": 14.66239070892334,
  "total_domain_x_min": -3.950141191482544,
  "total_domain_y_max": 15.298428535461426,
  "total_domain_y_min": -4.586180686950684,
  "total_domain_z_max": 10.042732238769531,
  "total_domain_z_min": 0.0
}
