{
  "fem_dofs": 56208300,
  "homogenization_cuboid_volume": 1865.5059823809643,
  "homogenization_real_material_volume": 218.6295411486064,
  "homogenization_x_max": 13.917885780334473,
  "homogenization_x_min": -3.2056398391723633,
  "homogenization_y_max": 14.503043174743652,
  "homogenization_y_min": -3.790708541870117,
  "homogenization_z_max": 9.783769607543945,
  "homogenization_z_min": 3.828510284423828,
  "total_domain_cuboid_volume": 2395.9281847511784,
  "total_domain_x_max": 14.662388801574707,
  "total_domain_x_min": -3.950141191482544,
  "total_domain_y_max": 15.298428535461426,
  "total_domain_y_min": -4.586180686950684,
  "total_domain_z_max": 10.042716979980469,
  "total_domain_z_min": 3.569035530090332
}
