{
    "SliceThickness": 0.0151305732727051,
    "PixelSpacing": [
        0.0151305732727051,
        0.0151305732727051
    ],
    "ImageDimensions": [
        2836,
        2972
    ],
    "NumberOfSlices": 913
}