{
    "E11": 26160.74175227132,
    "E22": 23531.052644326825,
    "E33": 26474.97854665877,
    "Emax": {
        "value": 26744.923092464058,
        "direction": [
            -0.6129070536530924,
            -0.04961424373583977,
            0.7885958219524156
        ]
    },
    "Emin": {
        "value": 23370.34245325758,
        "direction": [
            -0.09410831331862358,
            -0.9779278251399605,
            -0.1865497096790845
        ]
    }
}