{
    "G11": 9944.371006899353,
    "G22": 9725.984552518234,
    "G33": 10031.604538244845,
    "Gmax": {
        "value": 10050.517336407926,
        "direction": [
            -0.1564344650403433,
            -0.15450849718758197,
            0.9755282581475415
        ]
    },
    "Gmin": {
        "value": 9719.002159259046,
        "direction": [
            -1.0341155355510722e-13,
            -0.9822872507287251,
            0.1873813145855335
        ]
    }
}