{
    "vol": 3347.4392622913497,
    "vol_material": 1706.755680940227,
    "vol_overall": 4299.958880443318,
    "vol_material_over_vol": 0.5098690512974203
}