{
    "SliceThickness": 0.0151284074783325,
    "PixelSpacing": [
        0.0151284074783325,
        0.0151284074783325
    ],
    "ImageDimensions": [
        2822,
        2908
    ],
    "NumberOfSlices": 1201
}