{
    "E11": 11796.873065951384,
    "E22": 11690.717222252575,
    "E33": 11773.624967540982,
    "Emax": {
        "value": 11893.845648023342,
        "direction": [
            0.33873792024521543,
            0.644077207411556,
            0.6858725627118185
        ]
    },
    "Emin": {
        "value": 11655.842028461599,
        "direction": [
            -0.36812455268479727,
            0.9183293944713575,
            -0.14544908717653607
        ]
    }
}