{
    "G11": 4631.780979901046,
    "G22": 4646.979851487227,
    "G33": 4646.955117319318,
    "Gmax": {
        "value": 4654.945983948379,
        "direction": [
            0.3681245526846048,
            -0.1165318934681548,
            -0.9224449205863114
        ]
    },
    "Gmin": {
        "value": 4614.167952856284,
        "direction": [
            0.3971478906347103,
            -0.6884179039302327,
            0.6069220234203938
        ]
    }
}