{
    "vol": 2874.9349941492637,
    "vol_material": 906.259472907089,
    "vol_overall": 3692.0651438981176,
    "vol_material_over_vol": 0.3152278137597559
}