{
    "E11": 15719.868033736186,
    "E22": 14260.60693322244,
    "E33": 15654.655263915458,
    "Emax": {
        "value": 15892.539380643626,
        "direction": [
            -0.8090169943750447,
            0.01846278094937197,
            0.5874952157524216
        ]
    },
    "Emin": {
        "value": 14211.388539933878,
        "direction": [
            -0.12533323356441517,
            -0.984291580564275,
            -0.12434494358263726
        ]
    }
}