{
    "G11": 6040.777139542057,
    "G22": 5907.736820471972,
    "G33": 6071.800220412511,
    "Gmax": {
        "value": 6075.811153921577,
        "direction": [
            -0.1564344650403433,
            -0.062017464039118966,
            0.9857393632708892
        ]
    },
    "Gmin": {
        "value": 5907.452832306588,
        "direction": [
            -1.0341155355510723e-13,
            0.9980267284282974,
            -0.06279051952890462
        ]
    }
}