{
    "vol": 3178.529124846621,
    "vol_material": 1207.2458217376247,
    "vol_overall": 4081.9690627787368,
    "vol_material_over_vol": 0.37981272919620646
}