{
    "SliceThickness": 0.0151383380889893,
    "PixelSpacing": [
        0.0151383380889893,
        0.0151383380889893
    ],
    "ImageDimensions": [
        2784,
        2964
    ],
    "NumberOfSlices": 1305
}